IP,Repo,Path,Filename,Type,Line
cloudflare.com,webphone-service,/home/long/Documents/internshipProject/webphone-service/server/views/admin.html,admin.html,html,13
cloudflare.com,webphone-service,/home/long/Documents/internshipProject/webphone-service/server/views/admin.html,admin.html,html,41
cloudflare.com,webphone-service,/home/long/Documents/internshipProject/webphone-service/server/views/agent.html,agent.html,html,29
cloudflare.com,webphone-service,/home/long/Documents/internshipProject/webphone-service/server/views/agent.html,agent.html,html,30
cloudflare.com,webphone-service,/home/long/Documents/internshipProject/webphone-service/server/views/agent.html,agent.html,html,54
cloudflare.com,webphone-service,/home/long/Documents/internshipProject/webphone-service/server/views/agent.html,agent.html,html,55
cloudflare.com,webphone-service,/home/long/Documents/internshipProject/webphone-service/server/views/agent.html,agent.html,html,58
cloudflare.com,integration-manager,/home/long/Documents/internshipProject/integration-manager/view/plugins.ejs,plugins.ejs,ejs,6
digitalocean.com,webphone-service,/home/long/Documents/internshipProject/webphone-service/README.md,README.md,md,34
github.com,api-management,/home/long/Documents/internshipProject/api-management/static/oneui/js/plugins/select2/select2.full.min.js,select2.full.min.js,js,1
github.com,api-management,/home/long/Documents/internshipProject/api-management/static/oneui/js/plugins/select2/select2-bootstrap.css,select2-bootstrap.css,css,1
github.com,api-management,/home/long/Documents/internshipProject/api-management/static/oneui/js/plugins/select2/select2-bootstrap.css,select2-bootstrap.css,css,9
github.com,api-management,/home/long/Documents/internshipProject/api-management/static/oneui/js/plugins/chartjs/Chart.min.js,Chart.min.js,js,8
github.com,api-management,/home/long/Documents/internshipProject/api-management/static/oneui/js/plugins/bootstrap-wizard/jquery.bootstrap.wizard.min.js,jquery.bootstrap.wizard.min.js,js,3
github.com,api-management,/home/long/Documents/internshipProject/api-management/static/oneui/js/plugins/highlightjs/highlight.pack.js,highlight.pack.js,js,1
github.com,api-management,/home/long/Documents/internshipProject/api-management/static/oneui/js/plugins/highlightjs/github-gist.min.css,github-gist.min.css,css,3
github.com,api-management,/home/long/Documents/internshipProject/api-management/static/oneui/js/plugins/fullcalendar/moment.min.js,moment.min.js,js,6
github.com,api-management,/home/long/Documents/internshipProject/api-management/static/oneui/js/plugins/bootstrap-notify/bootstrap-notify.min.js,bootstrap-notify.min.js,js,1
github.com,api-management,/home/long/Documents/internshipProject/api-management/static/oneui/js/plugins/ckeditor/CHANGES.md,CHANGES.md,md,8
github.com,api-management,/home/long/Documents/internshipProject/api-management/static/oneui/js/plugins/ckeditor/CHANGES.md,CHANGES.md,md,10
github.com,api-management,/home/long/Documents/internshipProject/api-management/static/oneui/js/plugins/ckeditor/CHANGES.md,CHANGES.md,md,11
github.com,api-management,/home/long/Documents/internshipProject/api-management/static/oneui/js/plugins/ckeditor/CHANGES.md,CHANGES.md,md,36
github.com,api-management,/home/long/Documents/internshipProject/api-management/static/oneui/js/plugins/ckeditor/CHANGES.md,CHANGES.md,md,37
github.com,api-management,/home/long/Documents/internshipProject/api-management/static/oneui/js/plugins/ckeditor/CHANGES.md,CHANGES.md,md,62
github.com,api-management,/home/long/Documents/internshipProject/api-management/static/oneui/js/plugins/ckeditor/CHANGES.md,CHANGES.md,md,63
github.com,api-management,/home/long/Documents/internshipProject/api-management/static/oneui/js/plugins/ckeditor/CHANGES.md,CHANGES.md,md,64
github.com,api-management,/home/long/Documents/internshipProject/api-management/static/oneui/js/plugins/ckeditor/CHANGES.md,CHANGES.md,md,65
github.com,api-management,/home/long/Documents/internshipProject/api-management/static/oneui/js/plugins/ckeditor/CHANGES.md,CHANGES.md,md,85
github.com,api-management,/home/long/Documents/internshipProject/api-management/static/oneui/js/plugins/ckeditor/CHANGES.md,CHANGES.md,md,86
github.com,api-management,/home/long/Documents/internshipProject/api-management/static/oneui/js/plugins/ckeditor/CHANGES.md,CHANGES.md,md,87
github.com,api-management,/home/long/Documents/internshipProject/api-management/static/oneui/js/plugins/ckeditor/CHANGES.md,CHANGES.md,md,105
github.com,api-management,/home/long/Documents/internshipProject/api-management/static/oneui/js/plugins/ckeditor/CHANGES.md,CHANGES.md,md,126
github.com,api-management,/home/long/Documents/internshipProject/api-management/static/oneui/js/plugins/ckeditor/CHANGES.md,CHANGES.md,md,127
github.com,api-management,/home/long/Documents/internshipProject/api-management/static/oneui/js/plugins/ckeditor/CHANGES.md,CHANGES.md,md,140
github.com,api-management,/home/long/Documents/internshipProject/api-management/static/oneui/js/plugins/ckeditor/CHANGES.md,CHANGES.md,md,148
github.com,api-management,/home/long/Documents/internshipProject/api-management/static/oneui/js/plugins/ckeditor/CHANGES.md,CHANGES.md,md,149
github.com,api-management,/home/long/Documents/internshipProject/api-management/static/oneui/js/plugins/ckeditor/CHANGES.md,CHANGES.md,md,167
github.com,api-management,/home/long/Documents/internshipProject/api-management/static/oneui/js/plugins/ckeditor/CHANGES.md,CHANGES.md,md,180
github.com,api-management,/home/long/Documents/internshipProject/api-management/static/oneui/js/plugins/ckeditor/CHANGES.md,CHANGES.md,md,181
github.com,api-management,/home/long/Documents/internshipProject/api-management/static/oneui/js/plugins/ckeditor/skins/bootstrapck/sample/bootstrapck-sample.html,bootstrapck-sample.html,html,13
github.com,api-management,/home/long/Documents/internshipProject/api-management/static/oneui/js/plugins/ckeditor/skins/bootstrapck/sample/bootstrapck-sample.html,bootstrapck-sample.html,html,18
github.com,api-management,/home/long/Documents/internshipProject/api-management/static/oneui/js/plugins/ckeditor/skins/bootstrapck/sample/bootstrapck-sample.html,bootstrapck-sample.html,html,19
github.com,api-management,/home/long/Documents/internshipProject/api-management/static/oneui/js/plugins/ckeditor/skins/bootstrapck/sample/bootstrapck-sample.html,bootstrapck-sample.html,html,21
github.com,api-management,/home/long/Documents/internshipProject/api-management/static/oneui/js/plugins/ckeditor/skins/bootstrapck/sample/bootstrapck-sample.html,bootstrapck-sample.html,html,22
github.com,api-management,/home/long/Documents/internshipProject/api-management/static/oneui/js/plugins/ckeditor/skins/bootstrapck/sample/bootstrapck-sample.html,bootstrapck-sample.html,html,27
github.com,api-management,/home/long/Documents/internshipProject/api-management/static/oneui/js/plugins/ckeditor/skins/bootstrapck/sample/bootstrapck-sample.html,bootstrapck-sample.html,html,28
github.com,api-management,/home/long/Documents/internshipProject/api-management/static/oneui/js/plugins/ckeditor/skins/bootstrapck/sample/bootstrapck-sample.html,bootstrapck-sample.html,html,40
github.com,api-management,/home/long/Documents/internshipProject/api-management/static/oneui/js/plugins/ckeditor/skins/bootstrapck/sample/bootstrapck-sample.html,bootstrapck-sample.html,html,45
github.com,api-management,/home/long/Documents/internshipProject/api-management/static/oneui/js/plugins/ckeditor/skins/bootstrapck/sample/bootstrapck-sample.html,bootstrapck-sample.html,html,76
github.com,api-management,/home/long/Documents/internshipProject/api-management/static/oneui/js/plugins/ckeditor/skins/bootstrapck/sample/bootstrapck-sample.html,bootstrapck-sample.html,html,77
github.com,api-management,/home/long/Documents/internshipProject/api-management/static/oneui/js/plugins/ckeditor/skins/bootstrapck/sample/bootstrapck-sample.html,bootstrapck-sample.html,html,80
github.com,api-management,/home/long/Documents/internshipProject/api-management/static/oneui/js/plugins/ckeditor/skins/bootstrapck/sample/bootstrapck-sample.html,bootstrapck-sample.html,html,84
github.com,api-management,/home/long/Documents/internshipProject/api-management/static/oneui/js/plugins/ckeditor/skins/bootstrapck/sample/bootstrapck-sample.html,bootstrapck-sample.html,html,88
github.com,api-management,/home/long/Documents/internshipProject/api-management/static/oneui/js/plugins/ckeditor/skins/bootstrapck/readme.md,readme.md,md,35
github.com,api-management,/home/long/Documents/internshipProject/api-management/static/oneui/js/plugins/jquery-tags-input/jquery.tagsinput.min.js,jquery.tagsinput.min.js,js,1
github.com,api-management,/home/long/Documents/internshipProject/api-management/static/oneui/js/plugins/bootstrap-datepicker/bootstrap-datepicker.min.js,bootstrap-datepicker.min.js,js,2
github.com,api-management,/home/long/Documents/internshipProject/api-management/static/oneui/js/plugins/bootstrap-datepicker/bootstrap-datepicker3.min.css,bootstrap-datepicker3.min.css,css,2
github.com,api-management,/home/long/Documents/internshipProject/api-management/static/oneui/js/plugins/slick/slick.min.js,slick.min.js,js,13
github.com,api-management,/home/long/Documents/internshipProject/api-management/static/oneui/js/plugins/slick/slick.min.js,slick.min.js,js,14
github.com,api-management,/home/long/Documents/internshipProject/api-management/static/oneui/js/plugins/gmapsjs/gmaps.min.js,gmaps.min.js,js,3
github.com,api-management,/home/long/Documents/internshipProject/api-management/static/oneui/js/plugins/summernote/summernote.min.js,summernote.min.js,js,12
github.com,api-management,/home/long/Documents/internshipProject/api-management/static/oneui/js/app.js,app.js,js,697
github.com,api-management,/home/long/Documents/internshipProject/api-management/static/oneui/js/app.js,app.js,js,722
github.com,api-management,/home/long/Documents/internshipProject/api-management/static/oneui/js/app.js,app.js,js,854
github.com,api-management,/home/long/Documents/internshipProject/api-management/static/oneui/js/app.js,app.js,js,912
github.com,api-management,/home/long/Documents/internshipProject/api-management/static/oneui/js/app.js,app.js,js,929
github.com,api-management,/home/long/Documents/internshipProject/api-management/static/oneui/js/core/bootstrap.min.js,bootstrap.min.js,js,4
github.com,api-management,/home/long/Documents/internshipProject/api-management/static/oneui/js/core/jquery.countTo.min.js,jquery.countTo.min.js,js,3
github.com,api-management,/home/long/Documents/internshipProject/api-management/static/oneui/js/core/jquery.appear.min.js,jquery.appear.min.js,js,3
github.com,api-management,/home/long/Documents/internshipProject/api-management/static/oneui/js/core/jquery.scrollLock.min.js,jquery.scrollLock.min.js,js,3
github.com,api-management,/home/long/Documents/internshipProject/api-management/static/oneui/js/core/js.cookie.min.js,js.cookie.min.js,js,3
github.com,api-management,/home/long/Documents/internshipProject/api-management/static/oneui/css/oneui.min.css,oneui.min.css,css,4
github.com,api-management,/home/long/Documents/internshipProject/api-management/static/bootstrap-3.3.7-dist/js/bootstrap.js,bootstrap.js,js,24
github.com,api-management,/home/long/Documents/internshipProject/api-management/static/bootstrap-3.3.7-dist/js/bootstrap.js,bootstrap.js,js,84
github.com,api-management,/home/long/Documents/internshipProject/api-management/static/bootstrap-3.3.7-dist/js/bootstrap.js,bootstrap.js,js,179
github.com,api-management,/home/long/Documents/internshipProject/api-management/static/bootstrap-3.3.7-dist/js/bootstrap.js,bootstrap.js,js,305
github.com,api-management,/home/long/Documents/internshipProject/api-management/static/bootstrap-3.3.7-dist/js/bootstrap.js,bootstrap.js,js,543
github.com,api-management,/home/long/Documents/internshipProject/api-management/static/bootstrap-3.3.7-dist/js/bootstrap.js,bootstrap.js,js,756
github.com,api-management,/home/long/Documents/internshipProject/api-management/static/bootstrap-3.3.7-dist/js/bootstrap.js,bootstrap.js,js,922
github.com,api-management,/home/long/Documents/internshipProject/api-management/static/bootstrap-3.3.7-dist/js/bootstrap.js,bootstrap.js,js,1263
github.com,api-management,/home/long/Documents/internshipProject/api-management/static/bootstrap-3.3.7-dist/js/bootstrap.js,bootstrap.js,js,1620
github.com,api-management,/home/long/Documents/internshipProject/api-management/static/bootstrap-3.3.7-dist/js/bootstrap.js,bootstrap.js,js,1625
github.com,api-management,/home/long/Documents/internshipProject/api-management/static/bootstrap-3.3.7-dist/js/bootstrap.js,bootstrap.js,js,1783
github.com,api-management,/home/long/Documents/internshipProject/api-management/static/bootstrap-3.3.7-dist/js/bootstrap.js,bootstrap.js,js,1892
github.com,api-management,/home/long/Documents/internshipProject/api-management/static/bootstrap-3.3.7-dist/js/bootstrap.js,bootstrap.js,js,2065
github.com,api-management,/home/long/Documents/internshipProject/api-management/static/bootstrap-3.3.7-dist/js/bootstrap.js,bootstrap.js,js,2221
github.com,api-management,/home/long/Documents/internshipProject/api-management/static/bootstrap-3.3.7-dist/css/bootstrap-theme.css.map,bootstrap-theme.css.map,map,1
github.com,api-management,/home/long/Documents/internshipProject/api-management/static/bootstrap-3.3.7-dist/css/bootstrap.min.css.map,bootstrap.min.css.map,map,1
github.com,api-management,/home/long/Documents/internshipProject/api-management/static/bootstrap-3.3.7-dist/css/bootstrap.min.css,bootstrap.min.css,css,4
github.com,api-management,/home/long/Documents/internshipProject/api-management/static/bootstrap-3.3.7-dist/css/bootstrap.min.css,bootstrap.min.css,css,5
github.com,api-management,/home/long/Documents/internshipProject/api-management/static/bootstrap-3.3.7-dist/css/bootstrap-theme.min.css.map,bootstrap-theme.min.css.map,map,1
github.com,api-management,/home/long/Documents/internshipProject/api-management/static/bootstrap-3.3.7-dist/css/bootstrap.css,bootstrap.css,css,4
github.com,api-management,/home/long/Documents/internshipProject/api-management/static/bootstrap-3.3.7-dist/css/bootstrap.css,bootstrap.css,css,6
github.com,api-management,/home/long/Documents/internshipProject/api-management/static/bootstrap-3.3.7-dist/css/bootstrap.css,bootstrap.css,css,190
github.com,api-management,/home/long/Documents/internshipProject/api-management/static/bootstrap-3.3.7-dist/css/bootstrap-theme.min.css,bootstrap-theme.min.css,css,4
github.com,api-management,/home/long/Documents/internshipProject/api-management/static/bootstrap-3.3.7-dist/css/bootstrap-theme.css,bootstrap-theme.css,css,4
github.com,api-management,/home/long/Documents/internshipProject/api-management/static/bootstrap-3.3.7-dist/css/bootstrap.css.map,bootstrap.css.map,map,1
github.com,webphone-service,/home/long/Documents/internshipProject/webphone-service/public/js/vi.js,vi.js,js,3
github.com,webphone-service,/home/long/Documents/internshipProject/webphone-service/public/js/bootstrap-select.min.js,bootstrap-select.min.js,js,5
github.com,webphone-service,/home/long/Documents/internshipProject/webphone-service/public/js/jssip-3.3.6.js,jssip-3.3.6.js,js,4
github.com,webphone-service,/home/long/Documents/internshipProject/webphone-service/public/js/jssip-3.3.6.js,jssip-3.3.6.js,js,354
github.com,webphone-service,/home/long/Documents/internshipProject/webphone-service/public/js/jssip-3.3.6.js,jssip-3.3.6.js,js,26349
github.com,webphone-service,/home/long/Documents/internshipProject/webphone-service/public/js/jssip-3.3.6.js,jssip-3.3.6.js,js,27748
github.com,webphone-service,/home/long/Documents/internshipProject/webphone-service/public/js/jssip-3.3.6.js,jssip-3.3.6.js,js,27750
github.com,webphone-service,/home/long/Documents/internshipProject/webphone-service/public/js/jssip-3.3.6.js,jssip-3.3.6.js,js,27764
github.com,webphone-service,/home/long/Documents/internshipProject/webphone-service/public/js/jssip-3.3.6.js,jssip-3.3.6.js,js,27767
github.com,webphone-service,/home/long/Documents/internshipProject/webphone-service/public/js/DetectRTC.min.js,DetectRTC.min.js,js,8
github.com,webphone-service,/home/long/Documents/internshipProject/webphone-service/public/js/nv.d3.min.js,nv.d3.min.js,js,1
github.com,webphone-service,/home/long/Documents/internshipProject/webphone-service/public/js/jszip-utils.min.js,jszip-utils.min.js,js,7
github.com,webphone-service,/home/long/Documents/internshipProject/webphone-service/public/js/jszip.min.js,jszip.min.js,js,7
github.com,webphone-service,/home/long/Documents/internshipProject/webphone-service/public/js/jszip.min.js,jszip.min.js,js,10
github.com,webphone-service,/home/long/Documents/internshipProject/webphone-service/public/css/bootstrap-datetimepicker.min.css,bootstrap-datetimepicker.min.css,css,4
github.com,webphone-service,/home/long/Documents/internshipProject/webphone-service/public/css/animate.css,animate.css,css,72
github.com,webphone-service,/home/long/Documents/internshipProject/webphone-service/public/css/animate.css,animate.css,css,228
github.com,webphone-service,/home/long/Documents/internshipProject/webphone-service/public/css/animate.css,animate.css,css,1249
github.com,webphone-service,/home/long/Documents/internshipProject/webphone-service/public/css/animate.css,animate.css,css,1267
github.com,webphone-service,/home/long/Documents/internshipProject/webphone-service/public/css/bootstrap.min.css,bootstrap.min.css,css,4
github.com,webphone-service,/home/long/Documents/internshipProject/webphone-service/public/css/bootstrap.min.css,bootstrap.min.css,css,5
github.com,webphone-service,/home/long/Documents/internshipProject/webphone-service/public/css/bootstrap-select.min.css,bootstrap-select.min.css,css,5
github.com,webphone-service,/home/long/Documents/internshipProject/webphone-service/public/aehlke-tag-it/js/tag-it.js,tag-it.js,js,8
github.com,webphone-service,/home/long/Documents/internshipProject/webphone-service/public/aehlke-tag-it/js/tag-it.js,tag-it.js,js,11
github.com,webphone-service,/home/long/Documents/internshipProject/webphone-service/public/aehlke-tag-it/examples.html,examples.html,html,142
github.com,webphone-service,/home/long/Documents/internshipProject/webphone-service/public/aehlke-tag-it/examples.html,examples.html,html,149
github.com,webphone-service,/home/long/Documents/internshipProject/webphone-service/public/aehlke-tag-it/examples.html,examples.html,html,265
github.com,webphone-service,/home/long/Documents/internshipProject/webphone-service/public/aehlke-tag-it/README.markdown,README.markdown,markdown,5
github.com,webphone-service,/home/long/Documents/internshipProject/webphone-service/public/aehlke-tag-it/README.markdown,README.markdown,markdown,9
github.com,webphone-service,/home/long/Documents/internshipProject/webphone-service/public/aehlke-tag-it/README.markdown,README.markdown,markdown,11
github.com,webphone-service,/home/long/Documents/internshipProject/webphone-service/public/aehlke-tag-it/README.markdown,README.markdown,markdown,23
github.com,webphone-service,/home/long/Documents/internshipProject/webphone-service/public/aehlke-tag-it/README.markdown,README.markdown,markdown,42
github.com,webphone-service,/home/long/Documents/internshipProject/webphone-service/public/aehlke-tag-it/README.markdown,README.markdown,markdown,47
github.com,webphone-service,/home/long/Documents/internshipProject/webphone-service/public/aehlke-tag-it/README.markdown,README.markdown,markdown,286
github.com,webphone-service,/home/long/Documents/internshipProject/webphone-service/public/aehlke-tag-it/README.markdown,README.markdown,markdown,287
github.com,webphone-service,/home/long/Documents/internshipProject/webphone-service/public/aehlke-tag-it/README.markdown,README.markdown,markdown,288
github.com,webphone-service,/home/long/Documents/internshipProject/webphone-service/public/aehlke-tag-it/README.markdown,README.markdown,markdown,289
github.com,webphone-service,/home/long/Documents/internshipProject/webphone-service/public/aehlke-tag-it/README.markdown,README.markdown,markdown,290
github.com,webphone-service,/home/long/Documents/internshipProject/webphone-service/public/aehlke-tag-it/README.markdown,README.markdown,markdown,295
github.com,webphone-service,/home/long/Documents/internshipProject/webphone-service/README.md,README.md,md,28
github.com,webphone-service,/home/long/Documents/internshipProject/webphone-service/README.md,README.md,md,92
github.com,webphone-service,/home/long/Documents/internshipProject/webphone-service/README.md,README.md,md,93
github.com,webphone-service,/home/long/Documents/internshipProject/webphone-service/README.md,README.md,md,94
github.com,webphone-service,/home/long/Documents/internshipProject/webphone-service/README.md,README.md,md,96
github.com,webphone-service,/home/long/Documents/internshipProject/webphone-service/README.md,README.md,md,97
github.com,webphone-service,/home/long/Documents/internshipProject/webphone-service/README.md,README.md,md,98
github.com,webphone-service,/home/long/Documents/internshipProject/webphone-service/README.md,README.md,md,99
github.com,webphone-service,/home/long/Documents/internshipProject/webphone-service/README.md,README.md,md,100
github.com,webphone-service,/home/long/Documents/internshipProject/webphone-service/README.md,README.md,md,101
github.com,webphone-service,/home/long/Documents/internshipProject/webphone-service/README.md,README.md,md,102
github.com,webphone-service,/home/long/Documents/internshipProject/webphone-service/README.md,README.md,md,103
github.com,integration-manager,/home/long/Documents/internshipProject/integration-manager/static/material-kit/assets/js/plugins/bootstrap-datetimepicker.js,bootstrap-datetimepicker.js,js,4
github.com,integration-manager,/home/long/Documents/internshipProject/integration-manager/static/material-kit/assets/js/plugins/moment.min.js,moment.min.js,js,846
github.com,integration-manager,/home/long/Documents/internshipProject/integration-manager/static/material-kit/assets/js/plugins/moment.min.js,moment.min.js,js,889
github.com,integration-manager,/home/long/Documents/internshipProject/integration-manager/static/material-kit/assets/js/plugins/moment.min.js,moment.min.js,js,927
github.com,integration-manager,/home/long/Documents/internshipProject/integration-manager/static/material-kit/assets/js/plugins/moment.min.js,moment.min.js,js,1408
github.com,integration-manager,/home/long/Documents/internshipProject/integration-manager/static/material-kit/assets/js/plugins/moment.min.js,moment.min.js,js,1515
github.com,integration-manager,/home/long/Documents/internshipProject/integration-manager/static/material-kit/assets/js/material-kit.js,material-kit.js,js,23
github.com,integration-manager,/home/long/Documents/internshipProject/integration-manager/static/material-kit/assets/css/material-kit.css.map,material-kit.css.map,map,202
github.com,integration-manager,/home/long/Documents/internshipProject/integration-manager/static/material-kit/assets/css/material-kit.css.map,material-kit.css.map,map,208
github.com,integration-manager,/home/long/Documents/internshipProject/integration-manager/static/material-kit/assets/css/material-kit.css.map,material-kit.css.map,map,215
github.com,integration-manager,/home/long/Documents/internshipProject/integration-manager/static/material-kit/assets/css/material-kit.css.map,material-kit.css.map,map,220
github.com,integration-manager,/home/long/Documents/internshipProject/integration-manager/static/material-kit/assets/css/material-kit.css.map,material-kit.css.map,map,249
github.com,integration-manager,/home/long/Documents/internshipProject/integration-manager/static/material-kit/assets/css/material-kit.css.map,material-kit.css.map,map,250
github.com,integration-manager,/home/long/Documents/internshipProject/integration-manager/static/material-kit/assets/css/material-kit.css.map,material-kit.css.map,map,251
github.com,integration-manager,/home/long/Documents/internshipProject/integration-manager/static/material-kit/assets/css/material-kit.css.map,material-kit.css.map,map,253
github.com,integration-manager,/home/long/Documents/internshipProject/integration-manager/static/material-kit/assets/css/material-kit.css.map,material-kit.css.map,map,256
github.com,integration-manager,/home/long/Documents/internshipProject/integration-manager/static/material-kit/assets/css/material-kit.css.map,material-kit.css.map,map,257
github.com,integration-manager,/home/long/Documents/internshipProject/integration-manager/static/material-kit/assets/css/material-kit.css.map,material-kit.css.map,map,261
github.com,integration-manager,/home/long/Documents/internshipProject/integration-manager/static/material-kit/assets/css/material-kit.css.map,material-kit.css.map,map,263
github.com,integration-manager,/home/long/Documents/internshipProject/integration-manager/static/material-kit/assets/css/material-kit.css.map,material-kit.css.map,map,266
github.com,integration-manager,/home/long/Documents/internshipProject/integration-manager/static/material-kit/assets/css/material-kit.css.map,material-kit.css.map,map,276
github.com,integration-manager,/home/long/Documents/internshipProject/integration-manager/static/material-kit/assets/css/material-kit.css.map,material-kit.css.map,map,306
github.com,integration-manager,/home/long/Documents/internshipProject/integration-manager/static/material-kit/assets/css/material-kit.css.map,material-kit.css.map,map,321
github.com,integration-manager,/home/long/Documents/internshipProject/integration-manager/static/material-kit/assets/css/material-kit.css.map,material-kit.css.map,map,331
github.com,integration-manager,/home/long/Documents/internshipProject/integration-manager/static/material-kit/assets/css/material-kit.css,material-kit.css,css,16617
github.com,integration-manager,/home/long/Documents/internshipProject/integration-manager/static/material-kit/assets/css/material-kit.min.css,material-kit.min.css,css,17
github.com,integration-manager,/home/long/Documents/internshipProject/integration-manager/static/material-kit/assets/scss/material-kit/_core-bootstrap.scss,_core-bootstrap.scss,scss,1
github.com,integration-manager,/home/long/Documents/internshipProject/integration-manager/static/material-kit/assets/scss/material-kit/_core-bootstrap.scss,_core-bootstrap.scss,scss,10
github.com,integration-manager,/home/long/Documents/internshipProject/integration-manager/static/material-kit/assets/scss/material-kit/_core-bootstrap.scss,_core-bootstrap.scss,scss,24
github.com,integration-manager,/home/long/Documents/internshipProject/integration-manager/static/material-kit/assets/scss/material-kit/_drawer.scss,_drawer.scss,scss,1
github.com,integration-manager,/home/long/Documents/internshipProject/integration-manager/static/material-kit/assets/scss/material-kit/plugins/_plugin-datetime-picker.scss,_plugin-datetime-picker.scss,scss,4
github.com,integration-manager,/home/long/Documents/internshipProject/integration-manager/static/material-kit/assets/scss/material-kit/_list-group.scss,_list-group.scss,scss,9
github.com,integration-manager,/home/long/Documents/internshipProject/integration-manager/static/material-kit/assets/scss/material-kit/_list-group.scss,_list-group.scss,scss,14
github.com,integration-manager,/home/long/Documents/internshipProject/integration-manager/static/material-kit/assets/scss/material-kit/_list-group.scss,_list-group.scss,scss,39
github.com,integration-manager,/home/long/Documents/internshipProject/integration-manager/static/material-kit/assets/scss/material-kit/_list-group.scss,_list-group.scss,scss,47
github.com,integration-manager,/home/long/Documents/internshipProject/integration-manager/static/material-kit/assets/scss/material-kit/bootstrap/scss/bootstrap-reboot.scss,bootstrap-reboot.scss,scss,5
github.com,integration-manager,/home/long/Documents/internshipProject/integration-manager/static/material-kit/assets/scss/material-kit/bootstrap/scss/bootstrap-reboot.scss,bootstrap-reboot.scss,scss,6
github.com,integration-manager,/home/long/Documents/internshipProject/integration-manager/static/material-kit/assets/scss/material-kit/bootstrap/scss/_root.scss,_root.scss,scss,16
github.com,integration-manager,/home/long/Documents/internshipProject/integration-manager/static/material-kit/assets/scss/material-kit/bootstrap/scss/_button-group.scss,_button-group.scss,scss,151
github.com,integration-manager,/home/long/Documents/internshipProject/integration-manager/static/material-kit/assets/scss/material-kit/bootstrap/scss/_button-group.scss,_button-group.scss,scss,152
github.com,integration-manager,/home/long/Documents/internshipProject/integration-manager/static/material-kit/assets/scss/material-kit/bootstrap/scss/_print.scss,_print.scss,scss,3
github.com,integration-manager,/home/long/Documents/internshipProject/integration-manager/static/material-kit/assets/scss/material-kit/bootstrap/scss/_modal.scss,_modal.scss,scss,23
github.com,integration-manager,/home/long/Documents/internshipProject/integration-manager/static/material-kit/assets/scss/material-kit/bootstrap/scss/_modal.scss,_modal.scss,scss,27
github.com,integration-manager,/home/long/Documents/internshipProject/integration-manager/static/material-kit/assets/scss/material-kit/bootstrap/scss/_tables.scss,_tables.scss,scss,171
github.com,integration-manager,/home/long/Documents/internshipProject/integration-manager/static/material-kit/assets/scss/material-kit/bootstrap/scss/bootstrap-grid.scss,bootstrap-grid.scss,scss,5
github.com,integration-manager,/home/long/Documents/internshipProject/integration-manager/static/material-kit/assets/scss/material-kit/bootstrap/scss/_images.scss,_images.scss,scss,7
github.com,integration-manager,/home/long/Documents/internshipProject/integration-manager/static/material-kit/assets/scss/material-kit/bootstrap/scss/mixins/_hover.scss,_hover.scss,scss,12
github.com,integration-manager,/home/long/Documents/internshipProject/integration-manager/static/material-kit/assets/scss/material-kit/bootstrap/scss/_custom-forms.scss,_custom-forms.scss,scss,191
github.com,integration-manager,/home/long/Documents/internshipProject/integration-manager/static/material-kit/assets/scss/material-kit/bootstrap/scss/_card.scss,_card.scss,scss,156
github.com,integration-manager,/home/long/Documents/internshipProject/integration-manager/static/material-kit/assets/scss/material-kit/bootstrap/scss/_card.scss,_card.scss,scss,186
github.com,integration-manager,/home/long/Documents/internshipProject/integration-manager/static/material-kit/assets/scss/material-kit/bootstrap/scss/_forms.scss,_forms.scss,scss,42
github.com,integration-manager,/home/long/Documents/internshipProject/integration-manager/static/material-kit/assets/scss/material-kit/bootstrap/scss/_forms.scss,_forms.scss,scss,54
github.com,integration-manager,/home/long/Documents/internshipProject/integration-manager/static/material-kit/assets/scss/material-kit/bootstrap/scss/_forms.scss,_forms.scss,scss,69
github.com,integration-manager,/home/long/Documents/internshipProject/integration-manager/static/material-kit/assets/scss/material-kit/bootstrap/scss/_forms.scss,_forms.scss,scss,142
github.com,integration-manager,/home/long/Documents/internshipProject/integration-manager/static/material-kit/assets/scss/material-kit/bootstrap/scss/bootstrap.scss,bootstrap.scss,scss,5
github.com,integration-manager,/home/long/Documents/internshipProject/integration-manager/static/material-kit/assets/scss/material-kit/bootstrap/scss/_reboot.scss,_reboot.scss,scss,8
github.com,integration-manager,/home/long/Documents/internshipProject/integration-manager/static/material-kit/assets/scss/material-kit/bootstrap/scss/_reboot.scss,_reboot.scss,scss,72
github.com,integration-manager,/home/long/Documents/internshipProject/integration-manager/static/material-kit/assets/scss/material-kit/bootstrap/scss/_reboot.scss,_reboot.scss,scss,214
github.com,integration-manager,/home/long/Documents/internshipProject/integration-manager/static/material-kit/assets/scss/material-kit/bootstrap/scss/_reboot.scss,_reboot.scss,scss,317
github.com,integration-manager,/home/long/Documents/internshipProject/integration-manager/static/material-kit/assets/scss/material-kit/bootstrap/scss/_reboot.scss,_reboot.scss,scss,325
github.com,integration-manager,/home/long/Documents/internshipProject/integration-manager/static/material-kit/assets/scss/material-kit/bootstrap/scss/_reboot.scss,_reboot.scss,scss,386
github.com,integration-manager,/home/long/Documents/internshipProject/integration-manager/static/material-kit/assets/scss/material-kit/bootstrap/scss/_reboot.scss,_reboot.scss,scss,400
github.com,integration-manager,/home/long/Documents/internshipProject/integration-manager/static/material-kit/assets/scss/material-kit/bootstrap/scss/_reboot.scss,_reboot.scss,scss,437
github.com,integration-manager,/home/long/Documents/internshipProject/integration-manager/static/material-kit/assets/scss/material-kit/mixins/_utilities.scss,_utilities.scss,scss,9
github.com,integration-manager,/home/long/Documents/internshipProject/integration-manager/static/material-kit/assets/scss/material-kit/mixins/_forms.scss,_forms.scss,scss,223
gitlab.com,api-management,/home/long/Documents/internshipProject/api-management/.gitlab-ci.yml,.gitlab-ci.yml,yml,13
gitlab.com,api-management,/home/long/Documents/internshipProject/api-management/.gitlab-ci.yml,.gitlab-ci.yml,yml,19
gitlab.com,api-management,/home/long/Documents/internshipProject/api-management/.gitlab-ci.yml,.gitlab-ci.yml,yml,30
gitlab.com,api-management,/home/long/Documents/internshipProject/api-management/.gitlab-ci.yml,.gitlab-ci.yml,yml,38
gitlab.com,api-management,/home/long/Documents/internshipProject/api-management/.git/config,config,config,7
gitlab.com,api-management,/home/long/Documents/internshipProject/api-management/.git/logs/HEAD,HEAD,HEAD,1
gitlab.com,api-management,/home/long/Documents/internshipProject/api-management/.git/logs/refs/remotes/origin/HEAD,HEAD,HEAD,1
gitlab.com,api-management,/home/long/Documents/internshipProject/api-management/.git/logs/refs/heads/master,master,master,1
gitlab.com,mobile-service,/home/long/Documents/internshipProject/mobile-service/.gitlab-ci.yml,.gitlab-ci.yml,yml,13
gitlab.com,mobile-service,/home/long/Documents/internshipProject/mobile-service/.gitlab-ci.yml,.gitlab-ci.yml,yml,19
gitlab.com,mobile-service,/home/long/Documents/internshipProject/mobile-service/.gitlab-ci.yml,.gitlab-ci.yml,yml,30
gitlab.com,mobile-service,/home/long/Documents/internshipProject/mobile-service/.gitlab-ci.yml,.gitlab-ci.yml,yml,38
gitlab.com,mobile-service,/home/long/Documents/internshipProject/mobile-service/.git/config,config,config,7
gitlab.com,mobile-service,/home/long/Documents/internshipProject/mobile-service/.git/logs/HEAD,HEAD,HEAD,1
gitlab.com,mobile-service,/home/long/Documents/internshipProject/mobile-service/.git/logs/refs/remotes/origin/HEAD,HEAD,HEAD,1
gitlab.com,mobile-service,/home/long/Documents/internshipProject/mobile-service/.git/logs/refs/heads/master,master,master,1
gitlab.com,webphone-service,/home/long/Documents/internshipProject/webphone-service/.gitlab-ci.yml,.gitlab-ci.yml,yml,13
gitlab.com,webphone-service,/home/long/Documents/internshipProject/webphone-service/.gitlab-ci.yml,.gitlab-ci.yml,yml,19
gitlab.com,webphone-service,/home/long/Documents/internshipProject/webphone-service/.gitlab-ci.yml,.gitlab-ci.yml,yml,30
gitlab.com,webphone-service,/home/long/Documents/internshipProject/webphone-service/.gitlab-ci.yml,.gitlab-ci.yml,yml,38
gitlab.com,webphone-service,/home/long/Documents/internshipProject/webphone-service/.git/config,config,config,7
gitlab.com,webphone-service,/home/long/Documents/internshipProject/webphone-service/.git/logs/HEAD,HEAD,HEAD,1
gitlab.com,webphone-service,/home/long/Documents/internshipProject/webphone-service/.git/logs/refs/remotes/origin/HEAD,HEAD,HEAD,1
gitlab.com,webphone-service,/home/long/Documents/internshipProject/webphone-service/.git/logs/refs/heads/master,master,master,1
gitlab.com,integration-manager,/home/long/Documents/internshipProject/integration-manager/.gitlab-ci.yml,.gitlab-ci.yml,yml,13
gitlab.com,integration-manager,/home/long/Documents/internshipProject/integration-manager/.gitlab-ci.yml,.gitlab-ci.yml,yml,19
gitlab.com,integration-manager,/home/long/Documents/internshipProject/integration-manager/.gitlab-ci.yml,.gitlab-ci.yml,yml,30
gitlab.com,integration-manager,/home/long/Documents/internshipProject/integration-manager/.gitlab-ci.yml,.gitlab-ci.yml,yml,38
gitlab.com,integration-manager,/home/long/Documents/internshipProject/integration-manager/.gitlab-ci.yml,.gitlab-ci.yml,yml,55
gitlab.com,integration-manager,/home/long/Documents/internshipProject/integration-manager/.git/config,config,config,7
gitlab.com,integration-manager,/home/long/Documents/internshipProject/integration-manager/.git/logs/HEAD,HEAD,HEAD,1
gitlab.com,integration-manager,/home/long/Documents/internshipProject/integration-manager/.git/logs/refs/remotes/origin/HEAD,HEAD,HEAD,1
gitlab.com,integration-manager,/home/long/Documents/internshipProject/integration-manager/.git/logs/refs/heads/master,master,master,1
gitlab.com,pbxlog-service,/home/long/Documents/internshipProject/pbxlog-service/package.json,package.json,json,36
gitlab.com,pbxlog-service,/home/long/Documents/internshipProject/pbxlog-service/package.json,package.json,json,46
gitlab.com,pbxlog-service,/home/long/Documents/internshipProject/pbxlog-service/package.json,package.json,json,48
gitlab.com,pbxlog-service,/home/long/Documents/internshipProject/pbxlog-service/.gitlab-ci.yml,.gitlab-ci.yml,yml,13
gitlab.com,pbxlog-service,/home/long/Documents/internshipProject/pbxlog-service/.gitlab-ci.yml,.gitlab-ci.yml,yml,19
gitlab.com,pbxlog-service,/home/long/Documents/internshipProject/pbxlog-service/.gitlab-ci.yml,.gitlab-ci.yml,yml,30
gitlab.com,pbxlog-service,/home/long/Documents/internshipProject/pbxlog-service/.gitlab-ci.yml,.gitlab-ci.yml,yml,38
gitlab.com,pbxlog-service,/home/long/Documents/internshipProject/pbxlog-service/.gitlab-ci.yml,.gitlab-ci.yml,yml,52
gitlab.com,pbxlog-service,/home/long/Documents/internshipProject/pbxlog-service/.git/config,config,config,7
gitlab.com,pbxlog-service,/home/long/Documents/internshipProject/pbxlog-service/.git/logs/HEAD,HEAD,HEAD,1
gitlab.com,pbxlog-service,/home/long/Documents/internshipProject/pbxlog-service/.git/logs/refs/remotes/origin/HEAD,HEAD,HEAD,1
gitlab.com,pbxlog-service,/home/long/Documents/internshipProject/pbxlog-service/.git/logs/refs/heads/master,master,master,1
google.com,api-management,/home/long/Documents/internshipProject/api-management/static/oneui/js/plugins/fullcalendar/gcal.min.js,gcal.min.js,js,6
google.com,api-management,/home/long/Documents/internshipProject/api-management/static/oneui/js/plugins/gmapsjs/gmaps.min.js,gmaps.min.js,js,8
google.com,api-management,/home/long/Documents/internshipProject/api-management/static/oneui/js/plugins/summernote/summernote.min.js,summernote.min.js,js,12
google.com,api-management,/home/long/Documents/internshipProject/api-management/static/oneui/js/core/jquery.appear.min.js,jquery.appear.min.js,js,4
google.com,webphone-service,/home/long/Documents/internshipProject/webphone-service/client/Agent/components/CallBox.js,CallBox.js,js,1061
google.com,webphone-service,/home/long/Documents/internshipProject/webphone-service/client/Agent/components/CallBox.js,CallBox.js,js,2087
google.com,webphone-service,/home/long/Documents/internshipProject/webphone-service/server/route/authenticated/User.js,User.js,js,130
google.com,integration-manager,/home/long/Documents/internshipProject/integration-manager/static/material-kit/assets/js/material-kit.min.js,material-kit.min.js,js,1
google.com,integration-manager,/home/long/Documents/internshipProject/integration-manager/static/material-kit/assets/js/plugins/jquery.sharrre.js,jquery.sharrre.js,js,43
google.com,integration-manager,/home/long/Documents/internshipProject/integration-manager/static/material-kit/assets/js/plugins/jquery.sharrre.js,jquery.sharrre.js,js,134
google.com,integration-manager,/home/long/Documents/internshipProject/integration-manager/static/material-kit/assets/js/plugins/jquery.sharrre.js,jquery.sharrre.js,js,337
google.com,integration-manager,/home/long/Documents/internshipProject/integration-manager/static/material-kit/assets/js/material-kit.js,material-kit.js,js,255
google.com,integration-manager,/home/long/Documents/internshipProject/integration-manager/static/material-kit/assets/css/material-kit.css.map,material-kit.css.map,map,186
google.com,integration-manager,/home/long/Documents/internshipProject/integration-manager/static/material-kit/assets/css/material-kit.css.map,material-kit.css.map,map,191
google.com,integration-manager,/home/long/Documents/internshipProject/integration-manager/static/material-kit/assets/css/material-kit.css.map,material-kit.css.map,map,297
google.com,integration-manager,/home/long/Documents/internshipProject/integration-manager/static/material-kit/assets/css/material-kit.css.map,material-kit.css.map,map,304
google.com,integration-manager,/home/long/Documents/internshipProject/integration-manager/static/material-kit/assets/css/material-kit.css.map,material-kit.css.map,map,306
google.com,integration-manager,/home/long/Documents/internshipProject/integration-manager/static/material-kit/assets/css/material-kit.css.map,material-kit.css.map,map,307
google.com,integration-manager,/home/long/Documents/internshipProject/integration-manager/static/material-kit/assets/css/material-kit.css.map,material-kit.css.map,map,317
google.com,integration-manager,/home/long/Documents/internshipProject/integration-manager/static/material-kit/assets/css/material-kit.css.map,material-kit.css.map,map,320
google.com,integration-manager,/home/long/Documents/internshipProject/integration-manager/static/material-kit/assets/css/material-kit.css.map,material-kit.css.map,map,327
google.com,integration-manager,/home/long/Documents/internshipProject/integration-manager/static/material-kit/assets/scss/material-kit/_cards.scss,_cards.scss,scss,1
google.com,integration-manager,/home/long/Documents/internshipProject/integration-manager/static/material-kit/assets/scss/material-kit/_list-group.scss,_list-group.scss,scss,1
google.com,integration-manager,/home/long/Documents/internshipProject/integration-manager/static/material-kit/assets/scss/material-kit/_buttons.scss,_buttons.scss,scss,199
google.com,integration-manager,/home/long/Documents/internshipProject/integration-manager/static/material-kit/assets/scss/material-kit/_nav.scss,_nav.scss,scss,1
google.com,integration-manager,/home/long/Documents/internshipProject/integration-manager/static/material-kit/assets/scss/material-kit/variables/_type.scss,_type.scss,scss,5
google.com,integration-manager,/home/long/Documents/internshipProject/integration-manager/static/material-kit/assets/scss/material-kit/variables/_nav.scss,_nav.scss,scss,1
google.com,integration-manager,/home/long/Documents/internshipProject/integration-manager/static/material-kit/assets/scss/material-kit/_dropdown.scss,_dropdown.scss,scss,1
google.com,integration-manager,/home/long/Documents/internshipProject/integration-manager/static/material-kit/assets/scss/material-kit/_dropdown.scss,_dropdown.scss,scss,2
google.com,integration-manager,/home/long/Documents/internshipProject/integration-manager/static/material-kit/assets/scss/material-kit/_dropdown.scss,_dropdown.scss,scss,79
google.com,integration-manager,/home/long/Documents/internshipProject/integration-manager/static/material-kit/assets/scss/material-kit/_tooltip.scss,_tooltip.scss,scss,1
google.com,integration-manager,/home/long/Documents/internshipProject/integration-manager/static/material-kit/assets/scss/material-kit/_forms.scss,_forms.scss,scss,26
google.com,integration-manager,/home/long/Documents/internshipProject/integration-manager/static/material-kit/assets/scss/material-kit/_forms.scss,_forms.scss,scss,128
google.com,integration-manager,/home/long/Documents/internshipProject/integration-manager/static/material-kit/assets/scss/material-kit/_forms.scss,_forms.scss,scss,140
hotjar.com,webphone-service,/home/long/Documents/internshipProject/webphone-service/server/views/admin.html,admin.html,html,110
hotjar.com,webphone-service,/home/long/Documents/internshipProject/webphone-service/server/views/agent.html,agent.html,html,124
hubspot.com,webphone-service,/home/long/Documents/internshipProject/webphone-service/client/Agent/components/CallBox.js,CallBox.js,js,245
hubspot.com,webphone-service,/home/long/Documents/internshipProject/webphone-service/client/Agent/components/CallBox.js,CallBox.js,js,374
hubspot.com,webphone-service,/home/long/Documents/internshipProject/webphone-service/client/Agent/components/CallBox.js,CallBox.js,js,487
hubspot.com,webphone-service,/home/long/Documents/internshipProject/webphone-service/client/Agent/components/CallBox.js,CallBox.js,js,2465
hubspot.com,webphone-service,/home/long/Documents/internshipProject/webphone-service/client/Agent/components/CallBox.js,CallBox.js,js,2537
hubspot.com,webphone-service,/home/long/Documents/internshipProject/webphone-service/client/Agent/components/CallBox.js,CallBox.js,js,2546
hubspot.com,integration-manager,/home/long/Documents/internshipProject/integration-manager/route/authorize.js,authorize.js,js,19
mysapogo.com,webphone-service,/home/long/Documents/internshipProject/webphone-service/client/Agent/components/CallBox.js,CallBox.js,js,3376
mysapogo.com,integration-manager,/home/long/Documents/internshipProject/integration-manager/route/api/sapo.js,sapo.js,js,21
mysapogo.com,integration-manager,/home/long/Documents/internshipProject/integration-manager/route/api/sapo.js,sapo.js,js,36
mysapogo.com,integration-manager,/home/long/Documents/internshipProject/integration-manager/route/api/sapo.js,sapo.js,js,50
mysapogo.com,integration-manager,/home/long/Documents/internshipProject/integration-manager/route/api/sapo.js,sapo.js,js,64
pipedrive.com,webphone-service,/home/long/Documents/internshipProject/webphone-service/client/Agent/components/CallBox.js,CallBox.js,js,20
tel4vn.com,webphone-service,/home/long/Documents/internshipProject/webphone-service/client/Admin/components/SipAccount.js,SipAccount.js,js,497
tel4vn.com,webphone-service,/home/long/Documents/internshipProject/webphone-service/client/Admin/components/SipAccount.js,SipAccount.js,js,895
tel4vn.com,webphone-service,/home/long/Documents/internshipProject/webphone-service/server/route/authenticated/User.js,User.js,js,61
tel4vn.com,webphone-service,/home/long/Documents/internshipProject/webphone-service/server/route/authenticated/User.js,User.js,js,63
vietguys.biz,webphone-service,/home/long/Documents/internshipProject/webphone-service/server/route/authenticated/Integration.js,Integration.js,js,150
vietguys.biz,integration-manager,/home/long/Documents/internshipProject/integration-manager/lib/vietguy.js,vietguy.js,js,4
youtube.com,api-management,/home/long/Documents/internshipProject/api-management/static/oneui/js/plugins/magnific-popup/magnific-popup.min.js,magnific-popup.min.js,js,3
youtube.com,webphone-service,/home/long/Documents/internshipProject/webphone-service/public/js/owl.carousel.js,owl.carousel.js,js,82
youtube.com,webphone-service,/home/long/Documents/internshipProject/webphone-service/public/js/owl.carousel.js,owl.carousel.js,js,83
youtube.com,webphone-service,/home/long/Documents/internshipProject/webphone-service/public/js/plyr.js,plyr.js,js,1
zendesk.com,webphone-service,/home/long/Documents/internshipProject/webphone-service/client/Admin/components/Navigation.js,Navigation.js,js,76
zendesk.com,webphone-service,/home/long/Documents/internshipProject/webphone-service/client/Agent/components/CallBox.js,CallBox.js,js,2829
zendesk.com,webphone-service,/home/long/Documents/internshipProject/webphone-service/client/Agent/components/CallBox.js,CallBox.js,js,2847
zendesk.com,webphone-service,/home/long/Documents/internshipProject/webphone-service/client/Agent/components/CallBox.js,CallBox.js,js,2880
zendesk.com,webphone-service,/home/long/Documents/internshipProject/webphone-service/client/Agent/components/IndexPage.js,IndexPage.js,js,887
zendesk.com,webphone-service,/home/long/Documents/internshipProject/webphone-service/client/Agent/components/IndexPage.js,IndexPage.js,js,1159
youtu.be,webphone-service,/home/long/Documents/internshipProject/webphone-service/public/js/owl.carousel.js,owl.carousel.js,js,77
youtu.be,webphone-service,/home/long/Documents/internshipProject/webphone-service/public/js/plyr.js,plyr.js,js,1
wikipedia.org,api-management,/home/long/Documents/internshipProject/api-management/static/oneui/js/plugins/ckeditor/samples/inlinebycode.html,inlinebycode.html,html,45
wikipedia.org,api-management,/home/long/Documents/internshipProject/api-management/static/oneui/js/plugins/ckeditor/samples/inlinebycode.html,inlinebycode.html,html,47
wikipedia.org,api-management,/home/long/Documents/internshipProject/api-management/static/oneui/js/plugins/ckeditor/samples/inlinebycode.html,inlinebycode.html,html,57
wikipedia.org,api-management,/home/long/Documents/internshipProject/api-management/static/oneui/js/plugins/ckeditor/samples/inlinebycode.html,inlinebycode.html,html,89
wikipedia.org,api-management,/home/long/Documents/internshipProject/api-management/static/oneui/js/plugins/ckeditor/samples/inlinebycode.html,inlinebycode.html,html,97
wikipedia.org,api-management,/home/long/Documents/internshipProject/api-management/static/oneui/js/plugins/ckeditor/samples/inlinebycode.html,inlinebycode.html,html,100
wikipedia.org,api-management,/home/long/Documents/internshipProject/api-management/static/oneui/js/plugins/ckeditor/samples/plugins/wysiwygarea/fullpage.html,fullpage.html,html,51
wikipedia.org,api-management,/home/long/Documents/internshipProject/api-management/static/oneui/js/plugins/ckeditor/samples/jquery.html,jquery.html,html,67
wikipedia.org,api-management,/home/long/Documents/internshipProject/api-management/static/oneui/js/plugins/ckeditor/samples/jquery.html,jquery.html,html,68
wikipedia.org,api-management,/home/long/Documents/internshipProject/api-management/static/oneui/js/plugins/ckeditor/samples/jquery.html,jquery.html,html,70
wikipedia.org,api-management,/home/long/Documents/internshipProject/api-management/static/oneui/js/plugins/ckeditor/samples/jquery.html,jquery.html,html,78
wikipedia.org,api-management,/home/long/Documents/internshipProject/api-management/static/oneui/js/plugins/ckeditor/samples/inlinetextarea.html,inlinetextarea.html,html,76
wikipedia.org,api-management,/home/long/Documents/internshipProject/api-management/static/oneui/js/plugins/ckeditor/samples/inlinetextarea.html,inlinetextarea.html,html,84
wikipedia.org,api-management,/home/long/Documents/internshipProject/api-management/static/oneui/js/plugins/ckeditor/samples/inlinetextarea.html,inlinetextarea.html,html,87
wikipedia.org,api-management,/home/long/Documents/internshipProject/api-management/static/oneui/js/plugins/ckeditor/samples/replacebycode.html,replacebycode.html,html,27
wikipedia.org,api-management,/home/long/Documents/internshipProject/api-management/static/oneui/js/plugins/ckeditor/samples/datafiltering.html,datafiltering.html,html,46
wikipedia.org,api-management,/home/long/Documents/internshipProject/api-management/static/oneui/js/plugins/ckeditor/samples/datafiltering.html,datafiltering.html,html,166
wikipedia.org,api-management,/home/long/Documents/internshipProject/api-management/static/oneui/js/plugins/ckeditor/samples/datafiltering.html,datafiltering.html,html,249
wikipedia.org,api-management,/home/long/Documents/internshipProject/api-management/static/oneui/js/plugins/ckeditor/samples/datafiltering.html,datafiltering.html,html,299
wikipedia.org,api-management,/home/long/Documents/internshipProject/api-management/static/oneui/js/plugins/ckeditor/samples/datafiltering.html,datafiltering.html,html,350
wikipedia.org,api-management,/home/long/Documents/internshipProject/api-management/static/oneui/js/plugins/ckeditor/samples/datafiltering.html,datafiltering.html,html,386
wikipedia.org,api-management,/home/long/Documents/internshipProject/api-management/static/oneui/js/plugins/ckeditor/samples/replacebyclass.html,replacebyclass.html,html,39
wikipedia.org,integration-manager,/home/long/Documents/internshipProject/integration-manager/static/material-kit/assets/js/plugins/jquery.sharrre.js,jquery.sharrre.js,js,5
wikipedia.org,integration-manager,/home/long/Documents/internshipProject/integration-manager/static/material-kit/assets/js/plugins/moment.min.js,moment.min.js,js,460
facebook.com,api-management,/home/long/Documents/internshipProject/api-management/static/oneui/js/plugins/ckeditor/CHANGES.md,CHANGES.md,md,23
facebook.com,integration-manager,/home/long/Documents/internshipProject/integration-manager/static/material-kit/assets/js/plugins/jquery.sharrre.js,jquery.sharrre.js,js,50
facebook.com,integration-manager,/home/long/Documents/internshipProject/integration-manager/static/material-kit/assets/js/plugins/jquery.sharrre.js,jquery.sharrre.js,js,105
facebook.com,integration-manager,/home/long/Documents/internshipProject/integration-manager/static/material-kit/assets/js/plugins/jquery.sharrre.js,jquery.sharrre.js,js,106
facebook.com,integration-manager,/home/long/Documents/internshipProject/integration-manager/static/material-kit/assets/js/plugins/jquery.sharrre.js,jquery.sharrre.js,js,107
facebook.com,integration-manager,/home/long/Documents/internshipProject/integration-manager/static/material-kit/assets/js/plugins/jquery.sharrre.js,jquery.sharrre.js,js,340
linkedin.com,integration-manager,/home/long/Documents/internshipProject/integration-manager/static/material-kit/assets/js/plugins/jquery.sharrre.js,jquery.sharrre.js,js,86
linkedin.com,integration-manager,/home/long/Documents/internshipProject/integration-manager/static/material-kit/assets/js/plugins/jquery.sharrre.js,jquery.sharrre.js,js,114
linkedin.com,integration-manager,/home/long/Documents/internshipProject/integration-manager/static/material-kit/assets/js/plugins/jquery.sharrre.js,jquery.sharrre.js,js,258
linkedin.com,integration-manager,/home/long/Documents/internshipProject/integration-manager/static/material-kit/assets/js/plugins/jquery.sharrre.js,jquery.sharrre.js,js,355
jssip.net,webphone-service,/home/long/Documents/internshipProject/webphone-service/public/js/jssip-3.3.6.js,jssip-3.3.6.js,js,5
jssip.net,webphone-service,/home/long/Documents/internshipProject/webphone-service/public/js/jssip-3.3.6.js,jssip-3.3.6.js,js,22244
jssip.net,webphone-service,/home/long/Documents/internshipProject/webphone-service/public/js/jssip-3.3.6.js,jssip-3.3.6.js,js,27747
amazonaws.com,api-management,/home/long/Documents/internshipProject/api-management/static/oneui/js/plugins/ckeditor/skins/bootstrapck/sample/bootstrapck-sample.html,bootstrapck-sample.html,html,13
amazonaws.com,webphone-service,/home/long/Documents/internshipProject/webphone-service/public/aehlke-tag-it/examples.html,examples.html,html,142
